{"class_name": "Functional", "config": {"name": "model", "layers": [{"class_name": "InputLayer", "config": {"batch_input_shape": [null, 986, 1], "dtype": "float32", "sparse": false, "ragged": false, "name": "input_1"}, "name": "input_1", "inbound_nodes": []}, {"class_name": "Conv1D", "config": {"name": "Conv1D_1", "trainable": true, "batch_input_shape": [null, 986, 1], "dtype": "float32", "filters": 23, "kernel_size": [4], "strides": [1], "padding": "valid", "data_format": "channels_last", "dilation_rate": [1], "groups": 1, "activation": "relu", "use_bias": true, "kernel_initializer": {"class_name": "HeUniform", "config": {"seed": null}}, "bias_initializer": {"class_name": "Zeros", "config": {}}, "kernel_regularizer": null, "bias_regularizer": null, "activity_regularizer": null, "kernel_constraint": null, "bias_constraint": null}, "name": "Conv1D_1", "inbound_nodes": [[["input_1", 0, 0, {}]]]}, {"class_name": "MaxPooling1D", "config": {"name": "MaxPooling1D_1", "trainable": true, "dtype": "float32", "strides": [2], "pool_size": [2], "padding": "valid", "data_format": "channels_last"}, "name": "MaxPooling1D_1", "inbound_nodes": [[["Conv1D_1", 0, 0, {}]]]}, {"class_name": "Conv1D", "config": {"name": "Conv1D_2", "trainable": true, "dtype": "float32", "filters": 63, "kernel_size": [4], "strides": [1], "padding": "valid", "data_format": "channels_last", "dilation_rate": [1], "groups": 1, "activation": "relu", "use_bias": true, "kernel_initializer": {"class_name": "HeUniform", "config": {"seed": null}}, "bias_initializer": {"class_name": "Zeros", "config": {}}, "kernel_regularizer": null, "bias_regularizer": null, "activity_regularizer": null, "kernel_constraint": null, "bias_constraint": null}, "name": "Conv1D_2", "inbound_nodes": [[["MaxPooling1D_1", 0, 0, {}]]]}, {"class_name": "MaxPooling1D", "config": {"name": "MaxPooling1D_2", "trainable": true, "dtype": "float32", "strides": [2], "pool_size": [2], "padding": "valid", "data_format": "channels_last"}, "name": "MaxPooling1D_2", "inbound_nodes": [[["Conv1D_2", 0, 0, {}]]]}, {"class_name": "Conv1D", "config": {"name": "Conv1D_3", "trainable": true, "dtype": "float32", "filters": 98, "kernel_size": [2], "strides": [1], "padding": "valid", "data_format": "channels_last", "dilation_rate": [1], "groups": 1, "activation": "relu", "use_bias": true, "kernel_initializer": {"class_name": "HeUniform", "config": {"seed": null}}, "bias_initializer": {"class_name": "Zeros", "config": {}}, "kernel_regularizer": null, "bias_regularizer": null, "activity_regularizer": null, "kernel_constraint": null, "bias_constraint": null}, "name": "Conv1D_3", "inbound_nodes": [[["MaxPooling1D_2", 0, 0, {}]]]}, {"class_name": "MaxPooling1D", "config": {"name": "MaxPooling1D_3", "trainable": true, "dtype": "float32", "strides": [2], "pool_size": [2], "padding": "valid", "data_format": "channels_last"}, "name": "MaxPooling1D_3", "inbound_nodes": [[["Conv1D_3", 0, 0, {}]]]}, {"class_name": "Conv1D", "config": {"name": "Conv1D_4", "trainable": true, "dtype": "float32", "filters": 95, "kernel_size": [4], "strides": [1], "padding": "valid", "data_format": "channels_last", "dilation_rate": [1], "groups": 1, "activation": "relu", "use_bias": true, "kernel_initializer": {"class_name": "HeUniform", "config": {"seed": null}}, "bias_initializer": {"class_name": "Zeros", "config": {}}, "kernel_regularizer": null, "bias_regularizer": null, "activity_regularizer": null, "kernel_constraint": null, "bias_constraint": null}, "name": "Conv1D_4", "inbound_nodes": [[["MaxPooling1D_3", 0, 0, {}]]]}, {"class_name": "Flatten", "config": {"name": "flatten", "trainable": true, "dtype": "float32", "data_format": "channels_last"}, "name": "flatten", "inbound_nodes": [[["Conv1D_4", 0, 0, {}]]]}, {"class_name": "Dropout", "config": {"name": "dropout", "trainable": true, "dtype": "float32", "rate": 0.779761154242402, "noise_shape": null, "seed": null}, "name": "dropout", "inbound_nodes": [[["flatten", 0, 0, {}]]]}, {"class_name": "Dense", "config": {"name": "Dense_1", "trainable": true, "dtype": "float32", "units": 95, "activation": "relu", "use_bias": true, "kernel_initializer": {"class_name": "GlorotUniform", "config": {"seed": null}}, "bias_initializer": {"class_name": "Zeros", "config": {}}, "kernel_regularizer": null, "bias_regularizer": null, "activity_regularizer": null, "kernel_constraint": null, "bias_constraint": null}, "name": "Dense_1", "inbound_nodes": [[["dropout", 0, 0, {}]]]}, {"class_name": "Dropout", "config": {"name": "dropout_1", "trainable": true, "dtype": "float32", "rate": 0.5968607425820889, "noise_shape": null, "seed": null}, "name": "dropout_1", "inbound_nodes": [[["Dense_1", 0, 0, {}]]]}, {"class_name": "Dense", "config": {"name": "Dense_2", "trainable": true, "dtype": "float32", "units": 33, "activation": "linear", "use_bias": true, "kernel_initializer": {"class_name": "GlorotUniform", "config": {"seed": null}}, "bias_initializer": {"class_name": "Zeros", "config": {}}, "kernel_regularizer": null, "bias_regularizer": null, "activity_regularizer": null, "kernel_constraint": null, "bias_constraint": null}, "name": "Dense_2", "inbound_nodes": [[["dropout_1", 0, 0, {}]]]}], "input_layers": [["input_1", 0, 0]], "output_layers": [["Dense_2", 0, 0]]}, "keras_version": "2.5.0", "backend": "tensorflow"}